{
    "Accept": [
        "Accept",
        "AcceptLegacy",
        "CheckmarkListviewLegacy",
        "CheckmarkMenuLegacy"
    ],
    "Accident": [
        "Accident"
    ],
    "AccidentSolid": [
        "AccidentSolid"
    ],
    "Accounts": [
        "Accounts",
        "AccountsLegacy"
    ],
    "ActionCenter": [
        "ActionCenter"
    ],
    "ActionCenterAsterisk": [
        "ActionCenterAsterisk"
    ],
    "ActionCenterMirrored": [
        "ActionCenterMirrored"
    ],
    "ActionCenterNotification": [
        "ActionCenterNotification"
    ],
    "ActionCenterNotificationMirrored": [
        "ActionCenterNotificationMirrored"
    ],
    "ActionCenterQuiet": [
        "ActionCenterQuiet"
    ],
    "ActionCenterQuietNotification": [
        "ActionCenterQuietNotification"
    ],
    "Add": [
        "Add",
        "AddLegacy"
    ],
    "AddFriend": [
        "AddFriend",
        "AddFriendLegacy"
    ],
    "AddRemoteDevice": [
        "AddRemoteDevice"
    ],
    "AddSurfaceHub": [
        "AddSurfaceHub"
    ],
    "AddTo": [
        "AddTo"
    ],
    "AdjustHologram": [
        "AdjustHologram"
    ],
    "Admin": [
        "Admin",
        "AdminLegacy"
    ],
    "Airplane": [
        "Airplane"
    ],
    "AirplaneSolid": [
        "AirplaneSolid"
    ],
    "AlignCenter": [
        "AlignCenter",
        "AlignCenterLegacy"
    ],
    "AlignLeft": [
        "AlignLeft",
        "AlignLeftLegacy"
    ],
    "AlignRight": [
        "AlignRight",
        "AlignRightLegacy"
    ],
    "AllApps": [
        "AllApps",
        "AllAppsLegacy"
    ],
    "AllAppsMirrored": [
        "AllAppsLegacyMirrored",
        "AllAppsMirrored"
    ],
    "Annotation": [
        "Annotation"
    ],
    "AppIconDefault": [
        "AppIconDefault"
    ],
    "AspectRatio": [
        "AspectRatio"
    ],
    "Asterisk": [
        "Asterisk"
    ],
    "AsteriskBadge12": [
        "AsteriskBadge12"
    ],
    "Attach": [
        "Attach",
        "AttachLegacy"
    ],
    "AttachCamera": [
        "AttachCamera",
        "AttachCameraLegacy"
    ],
    "Audio": [
        "Audio",
        "AudioLegacy"
    ],
    "Back": [
        "ArrowHTMLLegacy",
        "Back",
        "BackBttnArrow20Legacy",
        "BackBttnArrow42Legacy",
        "BackLegacy"
    ],
    "BackSpaceQWERTYLg": [
        "BackSpaceQWERTYLg"
    ],
    "BackSpaceQWERTYMd": [
        "BackSpaceQWERTYMd"
    ],
    "BackSpaceQWERTYSm": [
        "BackSpaceQWERTYSm"
    ],
    "BackToWindow": [
        "BackToWindow",
        "BackToWindowLegacy"
    ],
    "BackgroundToggle": [
        "BackgroundToggle"
    ],
    "Badge": [
        "Badge"
    ],
    "Bank": [
        "Bank"
    ],
    "BarcodeScanner": [
        "BarcodeScanner"
    ],
    "Battery0": [
        "Battery0"
    ],
    "Battery1": [
        "Battery1"
    ],
    "Battery10": [
        "Battery10"
    ],
    "Battery2": [
        "Battery2"
    ],
    "Battery3": [
        "Battery3"
    ],
    "Battery4": [
        "Battery4"
    ],
    "Battery5": [
        "Battery5"
    ],
    "Battery6": [
        "Battery6"
    ],
    "Battery7": [
        "Battery7"
    ],
    "Battery8": [
        "Battery8"
    ],
    "Battery9": [
        "Battery9"
    ],
    "BatteryCharging0": [
        "BatteryCharging0"
    ],
    "BatteryCharging1": [
        "BatteryCharging1"
    ],
    "BatteryCharging10": [
        "BatteryCharging10"
    ],
    "BatteryCharging2": [
        "BatteryCharging2"
    ],
    "BatteryCharging3": [
        "BatteryCharging3"
    ],
    "BatteryCharging4": [
        "BatteryCharging4"
    ],
    "BatteryCharging5": [
        "BatteryCharging5"
    ],
    "BatteryCharging6": [
        "BatteryCharging6"
    ],
    "BatteryCharging7": [
        "BatteryCharging7"
    ],
    "BatteryCharging8": [
        "BatteryCharging8"
    ],
    "BatteryCharging9": [
        "BatteryCharging9"
    ],
    "BatterySaver0": [
        "BatterySaver0"
    ],
    "BatterySaver1": [
        "BatterySaver1"
    ],
    "BatterySaver10": [
        "BatterySaver10"
    ],
    "BatterySaver2": [
        "BatterySaver2"
    ],
    "BatterySaver3": [
        "BatterySaver3"
    ],
    "BatterySaver4": [
        "BatterySaver4"
    ],
    "BatterySaver5": [
        "BatterySaver5"
    ],
    "BatterySaver6": [
        "BatterySaver6"
    ],
    "BatterySaver7": [
        "BatterySaver7"
    ],
    "BatterySaver8": [
        "BatterySaver8"
    ],
    "BatterySaver9": [
        "BatterySaver9"
    ],
    "BatteryUnknown": [
        "BatteryUnknown"
    ],
    "Beta": [
        "Beta"
    ],
    "BidiLtr": [
        "BidiLtr"
    ],
    "BidiRtl": [
        "BidiRtl"
    ],
    "BlockContact": [
        "BlockContact",
        "BlockContactLegacy"
    ],
    "BlockedLegacy": [
        "BlockedLegacy"
    ],
    "Bluetooth": [
        "Bluetooth"
    ],
    "BodyCam": [
        "BodyCam"
    ],
    "Bold": [
        "Bold",
        "BoldLegacy"
    ],
    "BoldFLegacy": [
        "BoldFLegacy"
    ],
    "BoldGLegacy": [
        "BoldGLegacy"
    ],
    "BoldKoreanLegacy": [
        "BoldKoreanLegacy"
    ],
    "BoldNLegacy": [
        "BoldNLegacy"
    ],
    "BoldRussionLegacy": [
        "BoldRussionLegacy"
    ],
    "Bookmarks": [
        "Bookmarks",
        "BookmarksLegacy"
    ],
    "BookmarksMirrored": [
        "BookmarksLegacyMirrored",
        "BookmarksMirrored"
    ],
    "Brightness": [
        "Brightness"
    ],
    "Broom": [
        "Broom"
    ],
    "BrowsePhotos": [
        "BrowsePhotos",
        "BrowsePhotosLegacy"
    ],
    "BrushSize": [
        "BrushSize"
    ],
    "BuildingEnergy": [
        "BuildingEnergy"
    ],
    "BulletedList": [
        "BulletedList",
        "BulletedListLegacy",
        "ListLegacy"
    ],
    "BulletedListMirrored": [
        "BulletedListLegacyMirrored",
        "BulletedListMirrored",
        "ListLegacyMirrored"
    ],
    "Bus": [
        "Bus"
    ],
    "BusSolid": [
        "BusSolid"
    ],
    "CC": [
        "CC",
        "CCLegacy"
    ],
    "CCEuroLegacy": [
        "CCEuroLegacy"
    ],
    "CCJapanLegacy": [
        "CCJapanLegacy"
    ],
    "Calculator": [
        "Calculator",
        "CalculatorLegacy"
    ],
    "CalculatorAddition": [
        "CalculatorAddition"
    ],
    "CalculatorBackspace": [
        "BackSpaceQWERTY",
        "CalculatorBackspace"
    ],
    "CalculatorDivide": [
        "CalculatorDivide"
    ],
    "CalculatorEqualTo": [
        "CalculatorEqualTo"
    ],
    "CalculatorMultiply": [
        "CalculatorMultiply"
    ],
    "CalculatorNegate": [
        "CalculatorNegate"
    ],
    "CalculatorPercentage": [
        "CalculatorPercentage"
    ],
    "CalculatorSquareroot": [
        "CalculatorSquareroot"
    ],
    "CalculatorSubtract": [
        "CalculatorSubtract"
    ],
    "Calendar": [
        "Calendar",
        "CalendarLegacy"
    ],
    "CalendarDay": [
        "CalendarDay",
        "CalendarDayLegacy"
    ],
    "CalendarMirrored": [
        "CalendarLegacyMirrored",
        "CalendarMirrored"
    ],
    "CalendarReply": [
        "CalendarReply",
        "CalendarReplyLegacy"
    ],
    "CalendarSolid": [
        "CalendarSolid"
    ],
    "CalendarWeek": [
        "CalendarWeek",
        "CalendarWeekLegacy"
    ],
    "CaligraphyPen": [
        "CaligraphyPen"
    ],
    "CallForwardInternational": [
        "CallForwardInternational"
    ],
    "CallForwardInternationalMirrored": [
        "CallForwardInternationalMirrored"
    ],
    "CallForwardRoaming": [
        "CallForwardRoaming"
    ],
    "CallForwardRoamingMirrored": [
        "CallForwardRoamingMirrored"
    ],
    "CallForwarding": [
        "CallForwarding"
    ],
    "CallForwardingMirrored": [
        "CallForwardingMirrored"
    ],
    "Camera": [
        "Camera",
        "CameraLegacy"
    ],
    "Cancel": [
        "Cancel",
        "CancelLegacy"
    ],
    "Caption": [
        "Caption",
        "CaptionLegacy"
    ],
    "Car": [
        "Car",
        "DrivingMode"
    ],
    "CashDrawer": [
        "CashDrawer"
    ],
    "CellPhone": [
        "CellPhone",
        "CellPhoneLegacy",
        "MobileContactLegacy"
    ],
    "Certificate": [
        "Certificate"
    ],
    "Characters": [
        "Characters",
        "CharactersLegacy"
    ],
    "ChatBubbles": [
        "ChatBubbles"
    ],
    "CheckMark": [
        "CheckMark",
        "CheckMarkLegacy",
        "CheckMarkZeroWidthLegacy"
    ],
    "Checkbox": [
        "Checkbox",
        "CheckboxLegacy"
    ],
    "CheckboxComposite": [
        "CheckboxComposite",
        "CheckboxCompositeLegacy"
    ],
    "CheckboxCompositeReversed": [
        "CheckboxCompositeReversed",
        "CheckboxCompositeReversedLegacy"
    ],
    "CheckboxFill": [
        "CheckboxFill",
        "CheckboxFillLegacy",
        "CheckboxFillZeroWidthLegacy",
        "PresenceChicklet",
        "PresenceChickletLegacy",
        "ResizeMouseLarge"
    ],
    "CheckboxIndeterminate": [
        "CheckboxIndeterminate",
        "CheckboxIndeterminateLegacy"
    ],
    "ChevronDown": [
        "ChevronDown",
        "ChevronDown1Legacy",
        "ChevronDown2Legacy",
        "ChevronDown3Legacy",
        "ChevronDown4Legacy",
        "ChevronFlipDownLegacy",
        "ScrollChevronDownBoldLegacy",
        "ScrollChevronDownLegacy"
    ],
    "ChevronDownMed": [
        "ChevronDownMed"
    ],
    "ChevronDownSmall": [
        "ChevronDownSmLegacy",
        "ChevronDownSmall"
    ],
    "ChevronLeft": [
        "ChevronFlipLeftLegacy",
        "ChevronLeft",
        "ChevronLeft1Legacy",
        "ChevronLeft2Legacy",
        "ChevronLeft3Legacy",
        "ChevronLeft4Legacy",
        "ScrollChevronLeftBoldLegacy",
        "ScrollChevronLeftLegacy"
    ],
    "ChevronLeftMed": [
        "ChevronLeftMed"
    ],
    "ChevronLeftSmall": [
        "ChevronLeftSmLegacy",
        "ChevronLeftSmall"
    ],
    "ChevronRight": [
        "ChevronFlipRightLegacy",
        "ChevronRight",
        "ChevronRight1Legacy",
        "ChevronRight2Legacy",
        "ChevronRight3Legacy",
        "ChevronRight4Legacy",
        "ScrollChevronRightBoldLegacy",
        "ScrollChevronRightLegacy"
    ],
    "ChevronRightMed": [
        "ChevronRightMed"
    ],
    "ChevronRightSmall": [
        "ChevronRightSmLegacy",
        "ChevronRightSmall"
    ],
    "ChevronUp": [
        "ChevronFlipUpLegacy",
        "ChevronUp",
        "ChevronUp1Legacy",
        "ChevronUp2Legacy",
        "ChevronUp3Legacy",
        "ChevronUp4Legacy",
        "ScrollChevronUpBoldLegacy",
        "ScrollChevronUpLegacy"
    ],
    "ChevronUpMed": [
        "ChevronUpMed"
    ],
    "ChevronUpSmall": [
        "ChevronUpSmall"
    ],
    "ChineseBoPoMoFo": [
        "ChineseBoPoMoFo"
    ],
    "ChineseChangjie": [
        "ChineseChangjie"
    ],
    "ChinesePinyin": [
        "ChinesePinyin"
    ],
    "ChineseQuick": [
        "ChineseQuick"
    ],
    "ChromeAnnotate": [
        "ChromeAnnotate"
    ],
    "ChromeBack": [
        "ChromeBack"
    ],
    "ChromeBackMirrored": [
        "ChromeBackMirrored"
    ],
    "ChromeBackToWindow": [
        "ChromeBackToWindow"
    ],
    "ChromeClose": [
        "ChromeClose"
    ],
    "ChromeFullScreen": [
        "ChromeFullScreen"
    ],
    "ChromeMaximize": [
        "ChromeMaximize"
    ],
    "ChromeMinimize": [
        "ChromeMinimize"
    ],
    "ChromeRestore": [
        "ChromeRestore"
    ],
    "CircleFill": [
        "CircleFill"
    ],
    "CircleFillBadge12": [
        "CircleFillBadge12"
    ],
    "CircleRing": [
        "CircleRing"
    ],
    "CircleRingBadge12": [
        "CircleRingBadge12"
    ],
    "CityNext": [
        "CityNext"
    ],
    "CityNext2": [
        "CityNext2"
    ],
    "Clear": [
        "Clear",
        "ClearLegacy"
    ],
    "ClearAllInk": [
        "ClearAllInk"
    ],
    "ClearAllInkMirrored": [
        "ClearAllInkMirrored"
    ],
    "ClearSelection": [
        "ClearSelection",
        "ClearSelectionLegacy"
    ],
    "ClearSelectionMirrored": [
        "ClearSelectionLegacyMirrored",
        "ClearSelectionMirrored"
    ],
    "Click": [
        "Click"
    ],
    "ClockLegacy": [
        "ClockLegacy"
    ],
    "ClosePane": [
        "ClosePane",
        "ClosePaneLegacy"
    ],
    "ClosePaneMirrored": [
        "ClosePaneLegacyMirrored",
        "ClosePaneMirrored"
    ],
    "Cloud": [
        "Cloud"
    ],
    "CloudPrinter": [
        "CloudPrinter"
    ],
    "Code": [
        "Code"
    ],
    "Color": [
        "Color",
        "ColorLegacy"
    ],
    "CommaKey": [
        "CommaKey"
    ],
    "CommandPrompt": [
        "CommandPrompt"
    ],
    "Comment": [
        "Comment",
        "CommentLegacy"
    ],
    "Communications": [
        "Communications"
    ],
    "CompanionApp": [
        "CompanionApp"
    ],
    "CompanionDeviceFramework": [
        "CompanionDeviceFramework"
    ],
    "Completed": [
        "Completed"
    ],
    "CompletedSolid": [
        "CompletedSolid"
    ],
    "Component": [
        "Component"
    ],
    "Connect": [
        "Connect"
    ],
    "ConnectApp": [
        "ConnectApp",
        "MiracastLogoLarge"
    ],
    "Construction": [
        "Construction"
    ],
    "ConstructionCone": [
        "ConstructionCone"
    ],
    "ConstructionSolid": [
        "ConstructionSolid"
    ],
    "Contact": [
        "Contact",
        "Contact3Legacy",
        "ContactLegacy"
    ],
    "Contact2": [
        "Contact2",
        "Contact2Legacy"
    ],
    "ContactInfo": [
        "ContactInfo",
        "ContactInfoLegacy"
    ],
    "ContactInfoMirrored": [
        "ContactInfoMirrored"
    ],
    "ContactPresence": [
        "ContactPresence",
        "ContactPresenceLegacy"
    ],
    "ContactSolid": [
        "ContactSolid"
    ],
    "Copy": [
        "Copy",
        "CopyLegacy"
    ],
    "Courthouse": [
        "Courthouse"
    ],
    "Crop": [
        "Crop",
        "CropLegacy"
    ],
    "Cut": [
        "Cut",
        "CutLegacy"
    ],
    "DMC": [
        "DMC"
    ],
    "DashKey": [
        "DashKey"
    ],
    "DataSense": [
        "DataSense"
    ],
    "DataSenseBar": [
        "DataSenseBar"
    ],
    "DateTime": [
        "DateTime"
    ],
    "DateTimeMirrored": [
        "DateTimeMirrored"
    ],
    "DecreaseIndentLegacy": [
        "DecreaseIndentLegacy"
    ],
    "DecreaseIndentLegacyMirrored": [
        "DecreaseIndentLegacyMirrored"
    ],
    "DefenderApp": [
        "DefenderApp"
    ],
    "Delete": [
        "Delete",
        "DeleteLegacy"
    ],
    "DevUpdate": [
        "DevUpdate"
    ],
    "DeveloperTools": [
        "DeveloperTools"
    ],
    "DeviceDiscovery": [
        "DeviceDiscovery"
    ],
    "DeviceLaptopNoPic": [
        "DeviceLaptopNoPic"
    ],
    "DeviceLaptopPic": [
        "DeviceLaptopPic"
    ],
    "DeviceMonitorLeftPic": [
        "DeviceMonitorLeftPic"
    ],
    "DeviceMonitorNoPic": [
        "DeviceMonitorNoPic"
    ],
    "DeviceMonitorRightPic": [
        "DeviceMonitorRightPic"
    ],
    "Devices": [
        "Devices"
    ],
    "Devices3": [
        "Devices3"
    ],
    "Devices4": [
        "Devices4"
    ],
    "DevicesLegacy": [
        "Devices2",
        "DevicesLegacy"
    ],
    "Diagnostic": [
        "Diagnostic"
    ],
    "DialUp": [
        "DialUp"
    ],
    "Dialpad": [
        "Dialpad"
    ],
    "Dictionary": [
        "Dictionary"
    ],
    "DictionaryAdd": [
        "DictionaryAdd"
    ],
    "DictionaryCloud": [
        "DictionaryCloud"
    ],
    "DirectAccess": [
        "DirectAccess"
    ],
    "Directions": [
        "Directions",
        "DirectionsLegacy"
    ],
    "DisableUpdates": [
        "DisableUpdates",
        "DisableUpdatesLegacy"
    ],
    "DisconnectDisplay": [
        "DisconnectDisplay"
    ],
    "DisconnectDrive": [
        "DisconnectDrive",
        "DisconnectDriveLegacy"
    ],
    "Dislike": [
        "Dislike",
        "DislikeLegacy"
    ],
    "Dock": [
        "Dock"
    ],
    "DockBottom": [
        "DockBottom",
        "DockBottomLegacy"
    ],
    "DockLeft": [
        "DockLeft",
        "DockLeftLegacy"
    ],
    "DockLeftMirrored": [
        "DockLeftLegacyMirrored",
        "DockLeftMirrored"
    ],
    "DockRight": [
        "DockRight",
        "DockRightLegacy"
    ],
    "DockRightMirrored": [
        "DockRightLegacyMirrored",
        "DockRightMirrored"
    ],
    "Document": [
        "Document",
        "DocumentLegacy"
    ],
    "Down": [
        "Down",
        "DownLegacy"
    ],
    "DownShiftKey": [
        "DownShiftKey"
    ],
    "Download": [
        "Download",
        "DownloadLegacy"
    ],
    "DownloadMap": [
        "DownloadMap"
    ],
    "Draw": [
        "Draw"
    ],
    "DrawSolid": [
        "DrawSolid"
    ],
    "Drop": [
        "Drop"
    ],
    "DullSound": [
        "DullSound"
    ],
    "DullSoundKey": [
        "DullSoundKey"
    ],
    "EaseOfAccess": [
        "EaseOfAccess",
        "EaseOfAccessLegacy"
    ],
    "Edit": [
        "Edit",
        "EditLegacy"
    ],
    "EditMirrored": [
        "EditLegacyMirrored",
        "EditMirrored"
    ],
    "Education": [
        "Education"
    ],
    "Emoji": [
        "Emoji",
        "EmojiLegacy"
    ],
    "Emoji2": [
        "Emoji2",
        "Emoji2Legacy"
    ],
    "EmojiSwatch": [
        "EmojiSwatch"
    ],
    "EmojiTabCelebrationObjects": [
        "EmojiTabCelebrationObjects"
    ],
    "EmojiTabFavorites": [
        "EmojiTabFavorites"
    ],
    "EmojiTabFoodPlants": [
        "EmojiTabFoodPlants"
    ],
    "EmojiTabPeople": [
        "EmojiTabPeople"
    ],
    "EmojiTabSmilesAnimals": [
        "EmojiTabSmilesAnimals"
    ],
    "EmojiTabSymbols": [
        "EmojiTabSymbols"
    ],
    "EmojiTabTextSmiles": [
        "EmojiTabTextSmiles"
    ],
    "EmojiTabTransitPlaces": [
        "EmojiTabTransitPlaces"
    ],
    "EndPointSolid": [
        "EndPointSolid"
    ],
    "EraseTool": [
        "EraseTool"
    ],
    "EraseToolFill": [
        "EraseToolFill"
    ],
    "EraseToolFill2": [
        "EraseToolFill2"
    ],
    "Error": [
        "Error"
    ],
    "ErrorBadge": [
        "ErrorBadge"
    ],
    "ErrorBadge12": [
        "ErrorBadge12"
    ],
    "Ethernet": [
        "Ethernet"
    ],
    "EthernetError": [
        "EthernetError"
    ],
    "EthernetWarning": [
        "EthernetWarning"
    ],
    "ExpandTile": [
        "ExpandTile",
        "ExpandTileLegacy"
    ],
    "ExpandTileMirrored": [
        "ExpandTileLegacyMirrored",
        "ExpandTileMirrored"
    ],
    "ExploreContent": [
        "ExploreContent"
    ],
    "Export": [
        "Export",
        "ImportLegacyMirrored",
        "ImportMirrored"
    ],
    "FastForward": [
        "FastForward"
    ],
    "FavoriteLegacy": [
        "Favorite2Legacy",
        "FavoriteLegacy",
        "FavoriteStarFill",
        "RatingStarFillLegacy",
        "RatingStarFillReducedPaddingHTMLLegacy",
        "RatingStarFillSmallLegacy",
        "RatingStarFillZeroWidthLegacy",
        "SolidStarLegacy"
    ],
    "FavoriteList": [
        "FavoriteList"
    ],
    "FavoriteStar": [
        "FavoriteInlineLegacy",
        "FavoriteStar",
        "OutlineStarLegacy",
        "RatingStarLegacy",
        "Unfavorite2Legacy"
    ],
    "Feedback": [
        "Feedback"
    ],
    "FeedbackApp": [
        "FeedbackApp"
    ],
    "Ferry": [
        "Ferry"
    ],
    "FerrySolid": [
        "FerrySolid"
    ],
    "FileExplorer": [
        "FileExplorer"
    ],
    "FileExplorerApp": [
        "FileExplorerApp"
    ],
    "Filter": [
        "Filter",
        "FilterLegacy"
    ],
    "FingerInking": [
        "FingerInking"
    ],
    "Fingerprint": [
        "Fingerprint"
    ],
    "Flag": [
        "EndPoint",
        "Flag",
        "FlagLegacy"
    ],
    "Flashlight": [
        "Flashlight"
    ],
    "FlickDown": [
        "FlickDown"
    ],
    "FlickLeft": [
        "FlickLeft"
    ],
    "FlickRight": [
        "FlickRight"
    ],
    "FlickUp": [
        "FlickUp"
    ],
    "Folder": [
        "Folder"
    ],
    "FolderFill": [
        "FolderFill",
        "FolderLegacy"
    ],
    "Font": [
        "Font",
        "FontLegacy"
    ],
    "FontColor": [
        "FontColor",
        "FontColorLegacy"
    ],
    "FontColorKoreanLegacy": [
        "FontColorKoreanLegacy"
    ],
    "FontDecrease": [
        "FontDecrease",
        "FontDecreaseLegacy"
    ],
    "FontIncrease": [
        "FontIncrease",
        "FontIncreaseLegacy"
    ],
    "FontSize": [
        "FontSize",
        "FontSizeLegacy"
    ],
    "FontStyleKoreanLegacy": [
        "FontStyleKoreanLegacy"
    ],
    "Forward": [
        "ArrowHTMLLegacyMirrored",
        "BackBttnMirroredArrow20Legacy",
        "BackBttnMirroredArrow42Legacy",
        "Forward",
        "ForwardLegacy"
    ],
    "ForwardSm": [
        "ForwardSm"
    ],
    "FourBars": [
        "FourBars",
        "FourBarsLegacy"
    ],
    "Frigid": [
        "Frigid"
    ],
    "FullAlpha": [
        "FullAlpha"
    ],
    "FullCircleMask": [
        "FullCircleMask"
    ],
    "FullHiragana": [
        "FullHiragana"
    ],
    "FullKatakana": [
        "FullKatakana"
    ],
    "FullScreen": [
        "FullScreen",
        "FullScreenLegacy"
    ],
    "Game": [
        "Game"
    ],
    "GameConsole": [
        "GameConsole"
    ],
    "GlobalNavButton": [
        "GlobalNavButton"
    ],
    "Globe": [
        "Globe",
        "GlobeLegacy"
    ],
    "Go": [
        "Go",
        "GoLegacy"
    ],
    "GoMirrored": [
        "GoLegacyMirrored",
        "GoMirrored"
    ],
    "GoToStart": [
        "GoToStart",
        "GoToStartLegacy"
    ],
    "GotoToday": [
        "GotoToday",
        "GotoTodayLegacy"
    ],
    "GripperBarHorizontal": [
        "GripperBarHorizontal"
    ],
    "GripperBarVertical": [
        "GripperBarVertical"
    ],
    "GripperResize": [
        "GripperResize"
    ],
    "GripperResizeMirrored": [
        "GripperResizeMirrored"
    ],
    "GripperTool": [
        "GripperTool"
    ],
    "Groceries": [
        "Groceries"
    ],
    "GuestUser": [
        "GuestUser"
    ],
    "HalfAlpha": [
        "HalfAlpha"
    ],
    "HalfDullSound": [
        "HalfDullSound"
    ],
    "HalfKatakana": [
        "HalfKatakana"
    ],
    "HalfStarLeft": [
        "HalfStarLeft"
    ],
    "HalfStarRight": [
        "HalfStarRight"
    ],
    "Handwriting": [
        "Handwriting"
    ],
    "HangUp": [
        "HangUp",
        "HangUpLegacy"
    ],
    "HardDrive": [
        "HardDrive"
    ],
    "Headphone": [
        "Headphone"
    ],
    "Headphone0": [
        "Headphone0"
    ],
    "Headphone1": [
        "Headphone1"
    ],
    "Headphone2": [
        "Headphone2"
    ],
    "Headphone3": [
        "Headphone3"
    ],
    "Headset": [
        "Headset"
    ],
    "Health": [
        "Health"
    ],
    "Heart": [
        "Heart",
        "HeartLegacy"
    ],
    "HeartBroken": [
        "HeartBroken"
    ],
    "HeartBrokenLegacy": [
        "HeartBrokenLegacy",
        "HeartBrokenZeroWidthLegacy"
    ],
    "HeartFill": [
        "HeartFill",
        "HeartFillLegacy",
        "HeartFillZeroWidthLegacy"
    ],
    "Help": [
        "Help",
        "HelpLegacy"
    ],
    "HelpMirrored": [
        "HelpLegacyMirrored",
        "HelpMirrored"
    ],
    "HideBcc": [
        "HideBcc",
        "HideBccLegacy"
    ],
    "Highlight": [
        "Highlight",
        "HighlightLegacy"
    ],
    "HighlightFill": [
        "HighlightFill"
    ],
    "HighlightFill2": [
        "HighlightFill2"
    ],
    "History": [
        "History"
    ],
    "Home": [
        "Home",
        "HomeLegacy"
    ],
    "HomeGroup": [
        "HomeGroup"
    ],
    "HomeSolid": [
        "HomeSolid"
    ],
    "HorizontalTabKey": [
        "HorizontalTabKey"
    ],
    "IBeam": [
        "IBeam"
    ],
    "IBeamOutline": [
        "IBeamOutline"
    ],
    "ImageExport": [
        "ImageExport"
    ],
    "Import": [
        "ExportMirrored",
        "Import",
        "ImportLegacy"
    ],
    "ImportAll": [
        "ImportAll",
        "ImportAllLegacy"
    ],
    "ImportAllMirrored": [
        "ImportAllLegacyMirrored",
        "ImportAllMirrored"
    ],
    "Important": [
        "Important",
        "ImportantLegacy"
    ],
    "ImportantBadge12": [
        "ImportantBadge12"
    ],
    "InPrivate": [
        "InPrivate"
    ],
    "IncidentTriangle": [
        "IncidentTriangle"
    ],
    "IncreaseIndentLegacy": [
        "IncreaseIndentLegacy"
    ],
    "IncreaseIndentLegacyMirrored": [
        "IncreaseIndentLegacyMirrored"
    ],
    "Info": [
        "Info"
    ],
    "Info2": [
        "Info2"
    ],
    "InkingCaret": [
        "InkingCaret"
    ],
    "InkingColorFill": [
        "InkingColorFill"
    ],
    "InkingColorOutline": [
        "InkingColorOutline"
    ],
    "InkingTool": [
        "InkingTool"
    ],
    "InkingToolFill": [
        "InkingToolFill"
    ],
    "InkingToolFill2": [
        "InkingToolFill2"
    ],
    "Input": [
        "Input"
    ],
    "InsiderHubApp": [
        "InsiderHubApp"
    ],
    "Italic": [
        "Italic",
        "ItalicLegacy"
    ],
    "ItalicCLegacy": [
        "ItalicCLegacy"
    ],
    "ItalicILegacy": [
        "ItalicILegacy"
    ],
    "ItalicKLegacy": [
        "ItalicKLegacy"
    ],
    "ItalicKoreanLegacy": [
        "ItalicKoreanLegacy"
    ],
    "ItalicRussianLegacy": [
        "ItalicRussianLegacy"
    ],
    "Japanese": [
        "Japanese"
    ],
    "JpnRomanji": [
        "JpnRomanji"
    ],
    "JpnRomanjiLock": [
        "JpnRomanjiLock"
    ],
    "JpnRomanjiShift": [
        "JpnRomanjiShift"
    ],
    "JpnRomanjiShiftLock": [
        "JpnRomanjiShiftLock"
    ],
    "Key12On": [
        "Key12On"
    ],
    "KeyBoardLegacy": [
        "KeyBoardLegacy",
        "KeyboardClassic"
    ],
    "KeyboardBrightness": [
        "KeyboardBrightness"
    ],
    "KeyboardDismiss": [
        "KeyboardDismiss"
    ],
    "KeyboardFull": [
        "KeyboardFull"
    ],
    "KeyboardLeftHanded": [
        "KeyboardLeftHanded"
    ],
    "KeyboardLowerBrightness": [
        "KeyboardLowerBrightness"
    ],
    "KeyboardOneHanded": [
        "KeyboardOneHanded"
    ],
    "KeyboardRightHanded": [
        "KeyboardRightHanded"
    ],
    "KeyboardShortcut": [
        "KeyboardShortcut"
    ],
    "KeyboardSplit": [
        "KeyboardSplit",
        "KeyboardSplitLegacy"
    ],
    "KeyboardStandard": [
        "KeyboardStandard",
        "KeyboardStandardLegacy"
    ],
    "Korean": [
        "Korean"
    ],
    "LEDLight": [
        "LEDLight"
    ],
    "Label": [
        "Label"
    ],
    "LangJPN": [
        "LangJPN"
    ],
    "LanguageChs": [
        "LanguageChs"
    ],
    "LanguageCht": [
        "LanguageCht"
    ],
    "LanguageJpn": [
        "LanguageJpn"
    ],
    "LanguageKor": [
        "LanguageKor"
    ],
    "LaptopSelected": [
        "LaptopSelected"
    ],
    "LayoutLegacy": [
        "LayoutLegacy"
    ],
    "Leaf": [
        "Leaf"
    ],
    "LeaveChat": [
        "LeaveChat",
        "LeaveChatLegacy"
    ],
    "LeaveChatMirrored": [
        "LeaveChatMirrored"
    ],
    "LeftArrowKeyTime0": [
        "LeftArrowKeyTime0"
    ],
    "LeftDoubleQuote": [
        "LeftDoubleQuote"
    ],
    "LeftQuote": [
        "LeftQuote"
    ],
    "Library": [
        "Library",
        "LibraryLegacy"
    ],
    "Light": [
        "Light"
    ],
    "Lightbulb": [
        "Lightbulb",
        "ToolTip"
    ],
    "LightningBolt": [
        "LightningBolt"
    ],
    "Like": [
        "Like",
        "LikeInlineLegacy",
        "LikeLegacy"
    ],
    "LikeDislike": [
        "LikeDislike",
        "LikeDislikeLegacy"
    ],
    "Link": [
        "Link",
        "LinkLegacy"
    ],
    "List": [
        "List"
    ],
    "ListMirrored": [
        "ListMirrored"
    ],
    "Location": [
        "Location",
        "LocationLegacy"
    ],
    "Lock": [
        "Lock",
        "LockLegacy"
    ],
    "LockScreenGlance": [
        "LockScreenGlance"
    ],
    "LockscreenDesktop": [
        "LockscreenDesktop"
    ],
    "LowerBrightness": [
        "LowerBrightness"
    ],
    "MagStripeReader": [
        "MagStripeReader"
    ],
    "Mail": [
        "Mail",
        "MailLegacy"
    ],
    "MailBadge12": [
        "MailBadge12"
    ],
    "MailFill": [
        "MailFill",
        "MailFillLegacy",
        "MailMessageLegacy"
    ],
    "MailForward": [
        "MailForward",
        "MailForwardLegacy"
    ],
    "MailForwardMirrored": [
        "MailForwardLegacyMirrored",
        "MailForwardMirrored"
    ],
    "MailReply": [
        "MailReply",
        "MailReplyLegacy"
    ],
    "MailReplyAll": [
        "MailReplyAll",
        "MailReplyAllLegacy"
    ],
    "MailReplyAllMirrored": [
        "MailReplyAllLegacyMirrored",
        "MailReplyAllMirrored"
    ],
    "MailReplyMirrored": [
        "MailReplyLegacyMirrored",
        "MailReplyMirrored"
    ],
    "Manage": [
        "Manage",
        "ManageLegacy"
    ],
    "MapCompassBottom": [
        "MapCompassBottom"
    ],
    "MapCompassTop": [
        "MapCompassTop"
    ],
    "MapDirections": [
        "MapDirections"
    ],
    "MapDrive": [
        "MapDrive",
        "MapDriveLegacy"
    ],
    "MapLayers": [
        "MapLayers"
    ],
    "MapPin": [
        "MapLegacy",
        "MapPin"
    ],
    "MapPinLegacy": [
        "MapPin2",
        "MapPinLegacy"
    ],
    "Marker": [
        "Marker"
    ],
    "Marquee": [
        "Marquee"
    ],
    "Media": [
        "Media"
    ],
    "MediaStorageTower": [
        "MediaStorageTower"
    ],
    "Megaphone": [
        "Megaphone"
    ],
    "Memo": [
        "Memo",
        "MemoLegacy"
    ],
    "Message": [
        "CommentInlineLegacy",
        "Message",
        "MessageLegacy"
    ],
    "MicClipping": [
        "MicClipping"
    ],
    "MicError": [
        "MicError"
    ],
    "MicOff": [
        "MicOff"
    ],
    "MicOn": [
        "MicOn"
    ],
    "MicSleep": [
        "MicSleep"
    ],
    "Microphone": [
        "Microphone",
        "MicrophoneLegacy"
    ],
    "MiracastLogoSmall": [
        "MiracastLogoSmall"
    ],
    "MobActionCenter": [
        "MobActionCenter"
    ],
    "MobAirplane": [
        "MobAirplane"
    ],
    "MobBattery0": [
        "MobBattery0"
    ],
    "MobBattery1": [
        "MobBattery1"
    ],
    "MobBattery10": [
        "MobBattery10"
    ],
    "MobBattery2": [
        "MobBattery2"
    ],
    "MobBattery3": [
        "MobBattery3"
    ],
    "MobBattery4": [
        "MobBattery4"
    ],
    "MobBattery5": [
        "MobBattery5"
    ],
    "MobBattery6": [
        "MobBattery6"
    ],
    "MobBattery7": [
        "MobBattery7"
    ],
    "MobBattery8": [
        "MobBattery8"
    ],
    "MobBattery9": [
        "MobBattery9"
    ],
    "MobBatteryCharging0": [
        "MobBatteryCharging0"
    ],
    "MobBatteryCharging1": [
        "MobBatteryCharging1"
    ],
    "MobBatteryCharging10": [
        "MobBatteryCharging10"
    ],
    "MobBatteryCharging2": [
        "MobBatteryCharging2"
    ],
    "MobBatteryCharging3": [
        "MobBatteryCharging3"
    ],
    "MobBatteryCharging4": [
        "MobBatteryCharging4"
    ],
    "MobBatteryCharging5": [
        "MobBatteryCharging5"
    ],
    "MobBatteryCharging6": [
        "MobBatteryCharging6"
    ],
    "MobBatteryCharging7": [
        "MobBatteryCharging7"
    ],
    "MobBatteryCharging8": [
        "MobBatteryCharging8"
    ],
    "MobBatteryCharging9": [
        "MobBatteryCharging9"
    ],
    "MobBatterySaver0": [
        "MobBatterySaver0"
    ],
    "MobBatterySaver1": [
        "MobBatterySaver1"
    ],
    "MobBatterySaver10": [
        "MobBatterySaver10"
    ],
    "MobBatterySaver2": [
        "MobBatterySaver2"
    ],
    "MobBatterySaver3": [
        "MobBatterySaver3"
    ],
    "MobBatterySaver4": [
        "MobBatterySaver4"
    ],
    "MobBatterySaver5": [
        "MobBatterySaver5"
    ],
    "MobBatterySaver6": [
        "MobBatterySaver6"
    ],
    "MobBatterySaver7": [
        "MobBatterySaver7"
    ],
    "MobBatterySaver8": [
        "MobBatterySaver8"
    ],
    "MobBatterySaver9": [
        "MobBatterySaver9"
    ],
    "MobBatteryUnknown": [
        "MobBatteryUnknown"
    ],
    "MobBluetooth": [
        "MobBluetooth"
    ],
    "MobCallForwarding": [
        "MobCallForwarding"
    ],
    "MobCallForwardingMirrored": [
        "MobCallForwardingMirrored"
    ],
    "MobDrivingMode": [
        "MobDrivingMode"
    ],
    "MobLocation": [
        "MobLocation"
    ],
    "MobQuietHours": [
        "MobQuietHours"
    ],
    "MobSignal1": [
        "MobSignal1"
    ],
    "MobSignal2": [
        "MobSignal2"
    ],
    "MobSignal3": [
        "MobSignal3"
    ],
    "MobSignal4": [
        "MobSignal4"
    ],
    "MobSignal5": [
        "MobSignal5"
    ],
    "MobWifi1": [
        "MobWifi1"
    ],
    "MobWifi2": [
        "MobWifi2"
    ],
    "MobWifi3": [
        "MobWifi3"
    ],
    "MobWifi4": [
        "MobWifi4"
    ],
    "MobWifiHotspot": [
        "MobWifiHotspot"
    ],
    "MobileLocked": [
        "MobileLocked"
    ],
    "MobileSelected": [
        "MobileSelected"
    ],
    "MobileTablet": [
        "MobileTablet"
    ],
    "More": [
        "More",
        "MoreLegacy"
    ],
    "Mouse": [
        "Mouse"
    ],
    "MoveToFolder": [
        "MoveToFolder",
        "MoveToFolderLegacy"
    ],
    "Movies": [
        "Movies"
    ],
    "MultiSelect": [
        "MultiSelect",
        "MultiSelectLegacy"
    ],
    "MultiSelectMirrored": [
        "MultiSelectLegacyMirrored",
        "MultiSelectMirrored"
    ],
    "MultimediaDMP": [
        "MultimediaDMP"
    ],
    "MultimediaDMS": [
        "MultimediaDMS"
    ],
    "MultimediaDVR": [
        "MultimediaDVR"
    ],
    "MultimediaPMP": [
        "MultimediaPMP"
    ],
    "Multitask": [
        "Multitask"
    ],
    "Multitask16": [
        "Multitask16"
    ],
    "MultitaskExpanded": [
        "MultitaskExpanded"
    ],
    "MusicAlbum": [
        "MusicAlbum"
    ],
    "MusicInfo": [
        "MusicInfo",
        "MusicInfoLegacy"
    ],
    "MusicNote": [
        "MusicNote"
    ],
    "Mute": [
        "Mute",
        "MuteLegacy"
    ],
    "MyNetwork": [
        "MyNetwork"
    ],
    "NUIFPContinueSlideAction": [
        "NUIFPContinueSlideAction"
    ],
    "NUIFPContinueSlideHand": [
        "NUIFPContinueSlideHand"
    ],
    "NUIFPPressAction": [
        "NUIFPPressAction"
    ],
    "NUIFPPressHand": [
        "NUIFPPressHand"
    ],
    "NUIFPPressRepeatAction": [
        "NUIFPPressRepeatAction"
    ],
    "NUIFPRollLeftAction": [
        "NUIFPRollLeftAction"
    ],
    "NUIFPRollLeftHand": [
        "NUIFPRollLeftHand"
    ],
    "NUIFPRollRightHand": [
        "NUIFPRollRightHand"
    ],
    "NUIFPRollRightHandAction": [
        "NUIFPRollRightHandAction"
    ],
    "NUIFPStartSlideAction": [
        "NUIFPStartSlideAction"
    ],
    "NUIFPStartSlideHand": [
        "NUIFPPressRepeatHand",
        "NUIFPStartSlideHand"
    ],
    "NUIFace": [
        "NUIFace"
    ],
    "NUIIris": [
        "NUIIris"
    ],
    "Narrator": [
        "Narrator"
    ],
    "NarratorForward": [
        "NarratorForward"
    ],
    "NarratorForwardMirrored": [
        "NarratorForwardMirrored"
    ],
    "Network": [
        "Network"
    ],
    "NetworkAdapter": [
        "NetworkAdapter"
    ],
    "NetworkPrinter": [
        "NetworkPrinter"
    ],
    "NetworkTower": [
        "NetworkTower"
    ],
    "NewFolder": [
        "NewFolder",
        "NewFolderLegacy"
    ],
    "NewWindow": [
        "NewWindow",
        "NewWindowLegacy"
    ],
    "Next": [
        "Next",
        "NextLegacy"
    ],
    "OEM": [
        "OEM"
    ],
    "OneBar": [
        "OneBar",
        "OneBarLegacy"
    ],
    "OpenFile": [
        "OpenFile",
        "OpenFileLegacy"
    ],
    "OpenInNewWindow": [
        "OpenInNewWindow",
        "OpenInNewWindowLegacy"
    ],
    "OpenLocal": [
        "OpenLocal",
        "OpenLocalLegacy"
    ],
    "OpenPane": [
        "OpenPane",
        "OpenPaneLegacy"
    ],
    "OpenPaneMirrored": [
        "OpenPaneLegacyMirrored",
        "OpenPaneMirrored"
    ],
    "OpenWith": [
        "OpenWith",
        "OpenWithLegacy"
    ],
    "OpenWithMirrored": [
        "OpenWithLegacyMirrored",
        "OpenWithMirrored"
    ],
    "Orientation": [
        "Orientation",
        "OrientationLegacy"
    ],
    "OtherUser": [
        "OtherUser",
        "OtherUserLegacy"
    ],
    "PC1": [
        "PC1",
        "PC1Legacy"
    ],
    "PLAP": [
        "PLAP"
    ],
    "Package": [
        "Package"
    ],
    "Page": [
        "Page",
        "PageLegacy"
    ],
    "PageLeft": [
        "PageLeft"
    ],
    "PageRight": [
        "PageRight"
    ],
    "PageSolid": [
        "PageFillLegacy",
        "PageSolid"
    ],
    "PanMode": [
        "PanMode"
    ],
    "ParkingLocation": [
        "ParkingLocation"
    ],
    "ParkingLocationMirrored": [
        "ParkingLocationMirrored"
    ],
    "ParkingLocationSolid": [
        "ParkingLocationSolid"
    ],
    "PartyLeader": [
        "PartyLeader"
    ],
    "PasswordKeyHide": [
        "PasswordKeyHide"
    ],
    "PasswordKeyShow": [
        "PasswordKeyShow"
    ],
    "Paste": [
        "Paste",
        "PasteLegacy"
    ],
    "Pause": [
        "Pause",
        "PauseLegacy"
    ],
    "PauseBadge12": [
        "PauseBadge12"
    ],
    "PenPalette": [
        "PenPalette"
    ],
    "PenPaletteMirrored": [
        "PenPaletteMirrored"
    ],
    "PenWorkspace": [
        "PenWorkspace"
    ],
    "PenWorkspaceMirrored": [
        "PenWorkspaceMirrored"
    ],
    "Pencil": [
        "Pencil"
    ],
    "People": [
        "People",
        "PeopleLegacy"
    ],
    "PeriodKey": [
        "PeriodKey"
    ],
    "Permissions": [
        "Permissions",
        "PermissionsLegacy"
    ],
    "PersonalFolder": [
        "PersonalFolder"
    ],
    "Personalize": [
        "Personalize"
    ],
    "Phone": [
        "Phone",
        "PhoneLegacy"
    ],
    "PhoneBook": [
        "PhoneBook",
        "PhoneBookLegacy"
    ],
    "Photo": [
        "Photo"
    ],
    "Photo2": [
        "Photo2"
    ],
    "Picture": [
        "Picture",
        "PictureLegacy"
    ],
    "PieSingle": [
        "PieSingle"
    ],
    "Pin": [
        "Pin",
        "PinLegacy"
    ],
    "PinFill": [
        "PinFill"
    ],
    "Pinned": [
        "Pinned"
    ],
    "PinnedFill": [
        "PinnedFill"
    ],
    "PlaceFolderLegacy": [
        "PlaceFolderLegacy"
    ],
    "Play": [
        "Play",
        "PlayLegacy"
    ],
    "Play36": [
        "Play36"
    ],
    "PlayBadge12": [
        "PlayBadge12"
    ],
    "PlayOnLegacy": [
        "PlayOnLegacy"
    ],
    "PlaybackRate1x": [
        "PlaybackRate1x"
    ],
    "PlaybackRateOther": [
        "PlaybackRateOther"
    ],
    "PointErase": [
        "PointErase"
    ],
    "PointEraseMirrored": [
        "PointEraseMirrored"
    ],
    "PoliceCar": [
        "PoliceCar"
    ],
    "PostUpdate": [
        "PostUpdate",
        "PostUpdateLegacy"
    ],
    "PowerButton": [
        "PowerButton"
    ],
    "PresenceChickletVideo": [
        "PresenceChickletVideo",
        "PresenceChickletVideoLegacy"
    ],
    "Preview": [
        "Preview",
        "PreviewLegacy"
    ],
    "PreviewLink": [
        "PreviewLink",
        "PreviewLinkLegacy"
    ],
    "Previous": [
        "Previous",
        "PreviousLegacy"
    ],
    "Print": [
        "Print",
        "PrintLegacy"
    ],
    "Printer3D": [
        "Printer3D"
    ],
    "Printer3DLegacy": [
        "Printer3DLegacy"
    ],
    "PrintfaxPrinterFile": [
        "PrintfaxPrinterFile"
    ],
    "Priority": [
        "Priority",
        "PriorityLegacy"
    ],
    "Process": [
        "Process"
    ],
    "Project": [
        "Project"
    ],
    "Projector": [
        "Projector"
    ],
    "ProtectedDocument": [
        "ProtectedDocument",
        "ProtectedDocumentLegacy"
    ],
    "ProvisioningPackage": [
        "ProvisioningPackage"
    ],
    "PuncKey": [
        "PuncKey"
    ],
    "PuncKey0": [
        "PuncKey0"
    ],
    "PuncKey1": [
        "PuncKey1"
    ],
    "PuncKey2": [
        "PuncKey2"
    ],
    "PuncKey3": [
        "PuncKey3"
    ],
    "PuncKey4": [
        "PuncKey4"
    ],
    "PuncKey5": [
        "PuncKey5"
    ],
    "PuncKey6": [
        "PuncKey6"
    ],
    "PuncKey7": [
        "PuncKey7"
    ],
    "PuncKey8": [
        "PuncKey8"
    ],
    "PuncKey9": [
        "PuncKey9"
    ],
    "PuncKeyLeftBottom": [
        "PuncKeyLeftBottom"
    ],
    "PuncKeyRightBottom": [
        "PuncKeyRightBottom"
    ],
    "Puzzle": [
        "Puzzle"
    ],
    "QWERTYOff": [
        "QWERTYOff"
    ],
    "QWERTYOn": [
        "QWERTYOn"
    ],
    "QuickNote": [
        "QuickNote"
    ],
    "QuietHours": [
        "QuietHours"
    ],
    "RadioBtnOff": [
        "RadioBtnOff"
    ],
    "RadioBtnOn": [
        "RadioBtnOn"
    ],
    "RadioBullet": [
        "RadioBullet"
    ],
    "RadioBullet2": [
        "RadioBullet2"
    ],
    "Read": [
        "Read",
        "ReadLegacy"
    ],
    "ReadingList": [
        "ReadingList"
    ],
    "ReceiptPrinter": [
        "ReceiptPrinter"
    ],
    "Recent": [
        "LengthLegacy",
        "Recent"
    ],
    "Record": [
        "Record",
        "RecordLegacy"
    ],
    "Redo": [
        "Redo",
        "RedoLegacy"
    ],
    "ReduceTileLegacy": [
        "ReduceTileLegacy"
    ],
    "ReduceTileLegacyMirrored": [
        "ReduceTileLegacyMirrored"
    ],
    "Refresh": [
        "Refresh",
        "RefreshLegacy",
        "RepeatAll",
        "RepeatAllLegacy"
    ],
    "RememberedDevice": [
        "RememberedDevice"
    ],
    "Reminder": [
        "Reminder"
    ],
    "ReminderFill": [
        "ReminderFill"
    ],
    "Remote": [
        "Remote",
        "RemoteLegacy"
    ],
    "Remove": [
        "Remove",
        "RemoveLegacy"
    ],
    "RemoveFrom": [
        "RemoveFrom"
    ],
    "Rename": [
        "Rename",
        "RenameLegacy"
    ],
    "Repair": [
        "Repair",
        "RepairLegacy"
    ],
    "RepeatOne": [
        "RepeatOne",
        "RepeatOneLegacy"
    ],
    "Reply": [
        "Reply",
        "ReplyLegacy"
    ],
    "ReplyMirrored": [
        "ReplyMirrored"
    ],
    "ReportHacked": [
        "ReportHacked",
        "ReportHackedLegacy"
    ],
    "ResetDevice": [
        "ResetDevice"
    ],
    "ResetDrive": [
        "ResetDrive"
    ],
    "Reshare": [
        "Reshare",
        "ReshareLegacy"
    ],
    "ResizeMouseMedium": [
        "ResizeMouseMedium"
    ],
    "ResizeMouseMediumMirrored": [
        "ResizeMouseMediumMirrored"
    ],
    "ResizeMouseSmall": [
        "ResizeMouseSmall"
    ],
    "ResizeMouseSmallMirrored": [
        "ResizeMouseSmallMirrored"
    ],
    "ResizeMouseTall": [
        "ResizeMouseTall"
    ],
    "ResizeMouseTallMirrored": [
        "ResizeMouseTallMirrored"
    ],
    "ResizeMouseWide": [
        "ResizeMouseWide"
    ],
    "ResizeTouchLarger": [
        "ResizeTouchLarger"
    ],
    "ResizeTouchNarrower": [
        "ResizeTouchNarrower"
    ],
    "ResizeTouchNarrowerMirrored": [
        "ResizeTouchNarrowerMirrored"
    ],
    "ResizeTouchShorter": [
        "ResizeTouchShorter"
    ],
    "ResizeTouchSmaller": [
        "ResizeTouchSmaller"
    ],
    "ResolutionLegacy": [
        "ResolutionLegacy"
    ],
    "ReturnKey": [
        "ReturnKey"
    ],
    "ReturnKeyLg": [
        "ReturnKeyLg"
    ],
    "ReturnKeySm": [
        "ReturnKeySm"
    ],
    "ReturnToWindow": [
        "ReturnToWindow",
        "ReturnToWindowLegacy"
    ],
    "RevToggleKey": [
        "RevToggleKey"
    ],
    "Rewind": [
        "Rewind"
    ],
    "RightArrowKeyTime0": [
        "RightArrowKeyTime0"
    ],
    "RightArrowKeyTime1": [
        "RightArrowKeyTime1"
    ],
    "RightArrowKeyTime2": [
        "RightArrowKeyTime2"
    ],
    "RightArrowKeyTime3": [
        "RightArrowKeyTime3"
    ],
    "RightArrowKeyTime4": [
        "RightArrowKeyTime4"
    ],
    "RightDoubleQuote": [
        "RightDoubleQuote"
    ],
    "RightQuote": [
        "RightQuote"
    ],
    "Ringer": [
        "Ringer"
    ],
    "RingerBadge12": [
        "RingerBadge12"
    ],
    "RingerSilent": [
        "RingerSilent"
    ],
    "RoamingDomestic": [
        "RoamingDomestic"
    ],
    "RoamingInternational": [
        "RoamingInternational"
    ],
    "Robot": [
        "Robot"
    ],
    "Rotate": [
        "Rotate"
    ],
    "RotateCamera": [
        "RotateCamera",
        "RotateCameraLegacy"
    ],
    "RotateLegacy": [
        "RotateLegacy"
    ],
    "RotateMapLeft": [
        "RotateMapLeft"
    ],
    "RotateMapRight": [
        "RotateMapRight"
    ],
    "RotationLock": [
        "RotationLock"
    ],
    "Ruler": [
        "Ruler"
    ],
    "SDCard": [
        "SDCard"
    ],
    "SIMLock": [
        "SIMLock"
    ],
    "SIMMissing": [
        "SIMMissing"
    ],
    "SIPMove": [
        "SIPMove"
    ],
    "SIPRedock": [
        "SIPRedock"
    ],
    "SIPUndock": [
        "SIPUndock"
    ],
    "Save": [
        "Save",
        "SaveLegacy"
    ],
    "SaveAs": [
        "SaveAs",
        "SaveAsLegacy"
    ],
    "SaveCopy": [
        "SaveCopy"
    ],
    "SaveLocal": [
        "SaveLocal",
        "SaveLocalLegacy"
    ],
    "Scan": [
        "Scan",
        "ScanLegacy"
    ],
    "ScrollMode": [
        "ScrollMode"
    ],
    "ScrollUpDown": [
        "ScrollUpDown"
    ],
    "Search": [
        "FindLegacy",
        "Search",
        "SearchboxLegacy"
    ],
    "SearchAndApps": [
        "SearchAndApps"
    ],
    "SelectAll": [
        "SelectAll",
        "SelectAllLegacy"
    ],
    "SemanticZoomLegacy": [
        "SemanticZoomLegacy"
    ],
    "Send": [
        "Send",
        "SendLegacy"
    ],
    "SendFill": [
        "SendFill"
    ],
    "SendFillMirrored": [
        "SendFillMirrored"
    ],
    "SendMirrored": [
        "SendMirrored"
    ],
    "Sensor": [
        "Sensor"
    ],
    "SetTile": [
        "SetTile",
        "SetTileLegacy"
    ],
    "SetlockScreen": [
        "SetlockScreen",
        "SetlockScreenLegacy"
    ],
    "Settings": [
        "Settings",
        "SettingsLegacy"
    ],
    "SettingsBattery": [
        "SettingsBattery"
    ],
    "SettingsDisplaySound": [
        "SettingsDisplaySound"
    ],
    "Share": [
        "Share"
    ],
    "ShareBroadband": [
        "ShareBroadband"
    ],
    "Shop": [
        "Shop",
        "ShopLegacy"
    ],
    "ShoppingCart": [
        "ShoppingCart"
    ],
    "ShowAllFiles1Legacy": [
        "ShowAllFiles1Legacy"
    ],
    "ShowAllFiles3Legacy": [
        "ShowAllFiles3Legacy"
    ],
    "ShowBcc": [
        "ShowBcc",
        "ShowBccLegacy"
    ],
    "ShowResults": [
        "ShowResults",
        "ShowResultsLegacy"
    ],
    "ShowResultsMirrored": [
        "ShowResultsLegacyMirrored",
        "ShowResultsMirrored"
    ],
    "Shuffle": [
        "Shuffle",
        "ShuffleLegacy"
    ],
    "SignalBars1": [
        "SignalBars1"
    ],
    "SignalBars2": [
        "SignalBars2"
    ],
    "SignalBars3": [
        "SignalBars3"
    ],
    "SignalBars4": [
        "SignalBars4"
    ],
    "SignalBars5": [
        "SignalBars5"
    ],
    "SignalError": [
        "SignalError"
    ],
    "SignalNotConnected": [
        "SignalNotConnected"
    ],
    "SignalRoaming": [
        "SignalRoaming"
    ],
    "SizeLegacy": [
        "SizeLegacy"
    ],
    "SkipBack10": [
        "SkipBack10"
    ],
    "SkipForward30": [
        "SkipForward30"
    ],
    "SliderThumb": [
        "SliderThumb"
    ],
    "Slideshow": [
        "Slideshow",
        "SlideshowLegacy"
    ],
    "Smartcard": [
        "Smartcard"
    ],
    "SmartcardVirtual": [
        "SmartcardVirtual"
    ],
    "Sort": [
        "Sort",
        "SortLegacy"
    ],
    "Speakers": [
        "Speakers"
    ],
    "SpeedHigh": [
        "SpeedHigh"
    ],
    "SpeedMedium": [
        "SpeedMedium"
    ],
    "SpeedOff": [
        "SpeedOff"
    ],
    "StartPoint": [
        "StartPoint"
    ],
    "StartPointSolid": [
        "StartPointSolid"
    ],
    "StatusCircle": [
        "StatusCircle"
    ],
    "StatusCircleLeft": [
        "StatusCircleLeft"
    ],
    "StatusConnecting1": [
        "StatusConnecting1"
    ],
    "StatusConnecting2": [
        "StatusConnecting2"
    ],
    "StatusDataTransfer": [
        "StatusDataTransfer"
    ],
    "StatusDataTransferVPN": [
        "StatusDataTransferVPN"
    ],
    "StatusDualSIM1": [
        "StatusDualSIM1"
    ],
    "StatusDualSIM1VPN": [
        "StatusDualSIM1VPN"
    ],
    "StatusDualSIM2": [
        "StatusDualSIM2"
    ],
    "StatusDualSIM2VPN": [
        "StatusDualSIM2VPN"
    ],
    "StatusError": [
        "StatusError"
    ],
    "StatusErrorFull": [
        "StatusErrorFull"
    ],
    "StatusErrorLeft": [
        "StatusErrorLeft"
    ],
    "StatusSGLTE": [
        "StatusSGLTE"
    ],
    "StatusSGLTECell": [
        "StatusSGLTECell"
    ],
    "StatusSGLTEDataVPN": [
        "StatusSGLTEDataVPN"
    ],
    "StatusTriangle": [
        "StatusTriangle"
    ],
    "StatusTriangleLeft": [
        "StatusTriangleLeft"
    ],
    "StatusUnsecure": [
        "StatusUnsecure"
    ],
    "StatusVPN": [
        "StatusVPN"
    ],
    "StatusWarning": [
        "StatusWarning"
    ],
    "StatusWarningLeft": [
        "StatusWarningLeft"
    ],
    "StockDown": [
        "StockDown"
    ],
    "StockUp": [
        "StockUp"
    ],
    "Stop": [
        "Stop",
        "StopLegacy"
    ],
    "StopPoint": [
        "StopPoint"
    ],
    "StopPointSolid": [
        "StopPointSolid"
    ],
    "StopSlideshowLegacy": [
        "StopSlideshowLegacy"
    ],
    "Stopwatch": [
        "Stopwatch"
    ],
    "StorageNetworkWireless": [
        "StorageNetworkWireless"
    ],
    "StorageOptical": [
        "StorageOptical"
    ],
    "StorageTape": [
        "StorageTape"
    ],
    "Streaming": [
        "Streaming"
    ],
    "StreamingEnterprise": [
        "StreamingEnterprise"
    ],
    "Street": [
        "Street",
        "StreetLegacy"
    ],
    "StreetsideSplitExpand": [
        "StreetsideSplitExpand"
    ],
    "StreetsideSplitMinimize": [
        "StreetsideSplitMinimize"
    ],
    "StrokeErase": [
        "StrokeErase"
    ],
    "StrokeEraseMirrored": [
        "StrokeEraseMirrored"
    ],
    "Subtitles": [
        "Subtitles"
    ],
    "SubtitlesAudio": [
        "SubtitlesAudio"
    ],
    "SurfaceHub": [
        "SurfaceHub"
    ],
    "Sustainable": [
        "Sustainable"
    ],
    "Swipe": [
        "Swipe"
    ],
    "SwipeRevealArt": [
        "SwipeRevealArt"
    ],
    "Switch": [
        "Switch",
        "SwitchLegacy"
    ],
    "SwitchApps": [
        "SwitchApps",
        "SwitchAppsLegacy"
    ],
    "SwitchUser": [
        "SwitchUser"
    ],
    "Sync": [
        "Sync",
        "SyncLegacy"
    ],
    "SyncBadge12": [
        "SyncBadge12"
    ],
    "SyncError": [
        "SyncError"
    ],
    "SyncFolder": [
        "SyncFolder",
        "SyncFolderLegacy"
    ],
    "System": [
        "System"
    ],
    "TVMonitor": [
        "TVMonitor"
    ],
    "TVMonitorSelected": [
        "TVMonitorSelected"
    ],
    "Tablet": [
        "Tablet"
    ],
    "TabletMode": [
        "TabletMode"
    ],
    "TabletSelected": [
        "TabletSelected"
    ],
    "Tag": [
        "Tag",
        "TagLegacy"
    ],
    "TapAndSend": [
        "TapAndSend"
    ],
    "TaskbarPhone": [
        "TaskbarPhone"
    ],
    "ThisPC": [
        "ThisPC"
    ],
    "ThoughtBubble": [
        "ThoughtBubble"
    ],
    "ThreeBars": [
        "ThreeBars",
        "ThreeBarsLegacy"
    ],
    "Tiles": [
        "Tiles"
    ],
    "TiltDown": [
        "TiltDown"
    ],
    "TiltUp": [
        "TiltUp"
    ],
    "TimeLanguage": [
        "TimeLanguage"
    ],
    "ToggleBorder": [
        "ToggleBorder"
    ],
    "ToggleFilled": [
        "ToggleFilled"
    ],
    "ToggleThumb": [
        "ToggleThumb"
    ],
    "Touch": [
        "Touch"
    ],
    "TouchPointer": [
        "TouchPointer",
        "TouchPointerLegacy"
    ],
    "Touchscreen": [
        "Touchscreen"
    ],
    "Trackers": [
        "Trackers"
    ],
    "TrackersMirrored": [
        "TrackersMirrored"
    ],
    "Train": [
        "Train"
    ],
    "TrainSolid": [
        "TrainSolid"
    ],
    "TreeFolderFolder": [
        "TreeFolderFolder"
    ],
    "TreeFolderFolderFill": [
        "TreeFolderFolderFill"
    ],
    "TreeFolderFolderOpen": [
        "TreeFolderFolderOpen"
    ],
    "TreeFolderFolderOpenFill": [
        "TreeFolderFolderOpenFill"
    ],
    "Trim": [
        "Trim",
        "TrimLegacy"
    ],
    "TwoBars": [
        "TwoBars",
        "TwoBarsLegacy"
    ],
    "TwoPage": [
        "TwoPage",
        "TwoPageLegacy"
    ],
    "Type": [
        "Type",
        "TypeLegacy"
    ],
    "TypingIndicatorLegacy": [
        "TypingIndicatorLegacy"
    ],
    "USB": [
        "USB"
    ],
    "USBSafeConnect": [
        "USBSafeConnect"
    ],
    "Underline": [
        "Underline",
        "UnderlineLegacy"
    ],
    "UnderlineLKoreanLegacy": [
        "UnderlineLKoreanLegacy"
    ],
    "UnderlineRussianLegacy": [
        "UnderlineRussianLegacy"
    ],
    "UnderlineSLegacy": [
        "UnderlineSLegacy"
    ],
    "UnderlineULegacy": [
        "UnderlineULegacy"
    ],
    "UnderscoreSpace": [
        "UnderscoreSpace"
    ],
    "Undo": [
        "Undo",
        "UndoLegacy"
    ],
    "Unfavorite": [
        "Unfavorite",
        "UnfavoriteLegacy"
    ],
    "Unit": [
        "Unit"
    ],
    "Unlock": [
        "Unlock",
        "UnlockLegacy"
    ],
    "Unpin": [
        "Unpin",
        "UnpinLegacy"
    ],
    "UnsyncFolder": [
        "UnsyncFolder",
        "UnsyncFolderLegacy"
    ],
    "Up": [
        "Up",
        "UpLegacy"
    ],
    "UpArrowShiftKey": [
        "UpArrowShiftKey"
    ],
    "UpShiftKey": [
        "UpShiftKey"
    ],
    "UpdateRestore": [
        "UpdateRestore"
    ],
    "Upload": [
        "Upload",
        "UploadLegacy",
        "UploadSkyDriveLegacy"
    ],
    "VPN": [
        "VPN"
    ],
    "Vibrate": [
        "Vibrate"
    ],
    "Video": [
        "Video",
        "VideoInlineLegacy",
        "VideoLegacy"
    ],
    "VideoChat": [
        "VideoChat",
        "VideoChatLegacy"
    ],
    "View": [
        "RevealPasswordLegacy",
        "View",
        "ViewLegacy"
    ],
    "ViewAll": [
        "ShowAllFilesLegacy",
        "ViewAll",
        "ViewAllLegacy"
    ],
    "Volume": [
        "Volume",
        "VolumeLegacy"
    ],
    "Volume0": [
        "Volume0"
    ],
    "Volume1": [
        "Volume1"
    ],
    "Volume2": [
        "Volume2"
    ],
    "Volume3": [
        "Volume3"
    ],
    "VolumeBars": [
        "VolumeBars"
    ],
    "Walk": [
        "Walk"
    ],
    "WalkSolid": [
        "WalkSolid"
    ],
    "Warning": [
        "Warning"
    ],
    "Webcam": [
        "Webcam",
        "WebcamLegacy"
    ],
    "Webcam2": [
        "Webcam2"
    ],
    "Wheel": [
        "Wheel"
    ],
    "Wifi": [
        "Wifi"
    ],
    "Wifi1": [
        "Wifi1"
    ],
    "Wifi2": [
        "Wifi2"
    ],
    "Wifi3": [
        "Wifi3"
    ],
    "WifiAttentionOverlay": [
        "WifiAttentionOverlay"
    ],
    "WifiCall0": [
        "WifiCall0"
    ],
    "WifiCall1": [
        "WifiCall1"
    ],
    "WifiCall2": [
        "WifiCall2"
    ],
    "WifiCall3": [
        "WifiCall3"
    ],
    "WifiCall4": [
        "WifiCall4"
    ],
    "WifiCallBars": [
        "WifiCallBars"
    ],
    "WifiError0": [
        "WifiError0"
    ],
    "WifiError1": [
        "WifiError1"
    ],
    "WifiError2": [
        "WifiError2"
    ],
    "WifiError3": [
        "WifiError3"
    ],
    "WifiError4": [
        "WifiError4"
    ],
    "WifiEthernet": [
        "WifiEthernet"
    ],
    "WifiHotspot": [
        "InternetSharing",
        "WifiHotspot"
    ],
    "WifiWarning0": [
        "WifiWarning0"
    ],
    "WifiWarning1": [
        "WifiWarning1"
    ],
    "WifiWarning2": [
        "WifiWarning2"
    ],
    "WifiWarning3": [
        "WifiWarning3"
    ],
    "WifiWarning4": [
        "WifiWarning4"
    ],
    "WindDirection": [
        "WindDirection"
    ],
    "WiredUSB": [
        "WiredUSB"
    ],
    "WirelessUSB": [
        "WirelessUSB"
    ],
    "Work": [
        "Work"
    ],
    "WorkSolid": [
        "WorkSolid"
    ],
    "World": [
        "World",
        "WorldLegacy"
    ],
    "XboxOneConsole": [
        "XboxOneConsole"
    ],
    "ZeroBars": [
        "ZeroBars",
        "ZeroBarsLegacy"
    ],
    "Zoom": [
        "Zoom",
        "ZoomLegacy"
    ],
    "ZoomIn": [
        "ZoomIn",
        "ZoomInLegacy"
    ],
    "ZoomMode": [
        "ZoomMode"
    ],
    "ZoomOut": [
        "ZoomOut",
        "ZoomOutLegacy"
    ],
    "eSIM": [
        "eSIM"
    ],
    "eSIMBusy": [
        "eSIMBusy"
    ],
    "eSIMLocked": [
        "eSIMLocked"
    ],
    "eSIMNoProfile": [
        "eSIMNoProfile"
    ],
    "500px": [
        "500px"
    ],
    "adn": [
        "adn"
    ],
    "amazon": [
        "amazon"
    ],
    "android": [
        "android"
    ],
    "angellist": [
        "angellist"
    ],
    "apple": [
        "apple"
    ],
    "bandcamp": [
        "bandcamp"
    ],
    "behance-square": [
        "behance-square"
    ],
    "behance": [
        "behance"
    ],
    "bitbucket": [
        "bitbucket"
    ],
    "black-tie": [
        "black-tie"
    ],
    "bluetooth-b": [
        "bluetooth-b"
    ],
    "bluetooth": [
        "bluetooth"
    ],
    "btc": [
        "btc",
        "bitcoin"
    ],
    "buysellads": [
        "buysellads"
    ],
    "cc-amex": [
        "cc-amex"
    ],
    "cc-diners-club": [
        "cc-diners-club"
    ],
    "cc-discover": [
        "cc-discover"
    ],
    "cc-jcb": [
        "cc-jcb"
    ],
    "cc-mastercard": [
        "cc-mastercard"
    ],
    "cc-paypal": [
        "cc-paypal"
    ],
    "cc-stripe": [
        "cc-stripe"
    ],
    "cc-visa": [
        "cc-visa"
    ],
    "chrome": [
        "chrome"
    ],
    "codepen": [
        "codepen"
    ],
    "codiepie": [
        "codiepie"
    ],
    "connectdevelop": [
        "connectdevelop"
    ],
    "contao": [
        "contao"
    ],
    "css3": [
        "css3"
    ],
    "dashcube": [
        "dashcube"
    ],
    "delicious": [
        "delicious"
    ],
    "deviantart": [
        "deviantart"
    ],
    "digg": [
        "digg"
    ],
    "dribbble": [
        "dribbble"
    ],
    "dropbox": [
        "dropbox"
    ],
    "drupal": [
        "drupal"
    ],
    "edge": [
        "edge"
    ],
    "eercast": [
        "eercast"
    ],
    "empire": [
        "empire",
        "ge"
    ],
    "envira": [
        "envira"
    ],
    "expeditedssl": [
        "expeditedssl"
    ],
    "facebook-official": [
        "facebook-official"
    ],
    "facebook": [
        "facebook",
        "facebook-f"
    ],
    "firefox": [
        "firefox"
    ],
    "first-order": [
        "first-order"
    ],
    "flickr": [
        "flickr"
    ],
    "forumbee": [
        "forumbee"
    ],
    "foursquare": [
        "foursquare"
    ],
    "free-code-camp": [
        "free-code-camp"
    ],
    "get-pocket": [
        "get-pocket"
    ],
    "gg": [
        "gg"
    ],
    "git": [
        "git"
    ],
    "github-alt": [
        "github-alt"
    ],
    "github": [
        "github"
    ],
    "gitlab": [
        "gitlab"
    ],
    "glide-g": [
        "glide-g"
    ],
    "google-plus": [
        "google-plus"
    ],
    "google-wallet": [
        "google-wallet"
    ],
    "google": [
        "google"
    ],
    "gratipay": [
        "gratipay",
        "gittip"
    ],
    "hacker-news": [
        "hacker-news"
    ],
    "houzz": [
        "houzz"
    ],
    "html5": [
        "html5"
    ],
    "instagram": [
        "instagram"
    ],
    "internet-explorer": [
        "internet-explorer"
    ],
    "ioxhost": [
        "ioxhost"
    ],
    "joomla": [
        "joomla"
    ],
    "jsfiddle": [
        "jsfiddle"
    ],
    "lastfm": [
        "lastfm"
    ],
    "leanpub": [
        "leanpub"
    ],
    "linkedin": [
        "linkedin"
    ],
    "linode": [
        "linode"
    ],
    "linux": [
        "linux"
    ],
    "maxcdn": [
        "maxcdn"
    ],
    "meanpath": [
        "meanpath"
    ],
    "medium": [
        "medium"
    ],
    "meetup": [
        "meetup"
    ],
    "mixcloud": [
        "mixcloud"
    ],
    "modx": [
        "modx"
    ],
    "odnoklassniki": [
        "odnoklassniki"
    ],
    "opencart": [
        "opencart"
    ],
    "openid": [
        "openid"
    ],
    "opera": [
        "opera"
    ],
    "optin-monster": [
        "optin-monster"
    ],
    "pagelines": [
        "pagelines"
    ],
    "paypal": [
        "paypal"
    ],
    "pied-piper-alt": [
        "pied-piper-alt"
    ],
    "pied-piper": [
        "pied-piper"
    ],
    "pinterest-p": [
        "pinterest-p"
    ],
    "product-hunt": [
        "product-hunt"
    ],
    "qq": [
        "qq"
    ],
    "quora": [
        "quora"
    ],
    "ravelry": [
        "ravelry"
    ],
    "rebel": [
        "rebel",
        "ra",
        "resistance"
    ],
    "reddit-alien": [
        "reddit-alien"
    ],
    "renren": [
        "renren"
    ],
    "safari": [
        "safari"
    ],
    "scribd": [
        "scribd"
    ],
    "sellsy": [
        "sellsy"
    ],
    "shirtsinbulk": [
        "shirtsinbulk"
    ],
    "simplybuilt": [
        "simplybuilt"
    ],
    "skyatlas": [
        "skyatlas"
    ],
    "skype": [
        "skype"
    ],
    "slack": [
        "slack"
    ],
    "slideshare": [
        "slideshare"
    ],
    "snapchat-ghost": [
        "snapchat-ghost"
    ],
    "soundcloud": [
        "soundcloud"
    ],
    "spotify": [
        "spotify"
    ],
    "stack-exchange": [
        "stack-exchange"
    ],
    "stack-overflow": [
        "stack-overflow"
    ],
    "steam": [
        "steam"
    ],
    "stumbleupon": [
        "stumbleupon"
    ],
    "superpowers": [
        "superpowers"
    ],
    "telegram": [
        "telegram"
    ],
    "tencent-weibo": [
        "tencent-weibo"
    ],
    "themeisle": [
        "themeisle"
    ],
    "trello": [
        "trello"
    ],
    "tripadvisor": [
        "tripadvisor"
    ],
    "tumblr": [
        "tumblr"
    ],
    "twitch": [
        "twitch"
    ],
    "twitter": [
        "twitter"
    ],
    "viacoin": [
        "viacoin"
    ],
    "viadeo": [
        "viadeo"
    ],
    "vimeo": [
        "vimeo"
    ],
    "vine": [
        "vine"
    ],
    "vk": [
        "vk"
    ],
    "weibo": [
        "weibo"
    ],
    "weixin": [
        "weixin",
        "wechat"
    ],
    "whatsapp": [
        "whatsapp"
    ],
    "wikipedia-w": [
        "wikipedia-w"
    ],
    "windows": [
        "windows"
    ],
    "wordpress": [
        "wordpress"
    ],
    "wpbeginner": [
        "wpbeginner"
    ],
    "wpexplorer": [
        "wpexplorer"
    ],
    "wpform": [
        "wpform"
    ],
    "xing": [
        "xing"
    ],
    "yahoo": [
        "yahoo"
    ],
    "yelp": [
        "yelp"
    ],
    "yoast": [
        "yoast"
    ],
    "youtube-play": [
        "youtube-play"
    ],
    "youtube": [
        "youtube"
    ]
}
